Product,Quantity,Description,Total cost (USD),Supplier,Link
100nF Capacitors,26,100nF 0805 ceramic capacitors for PCB,2.31,Aliexpress,https://www.aliexpress.com/item/1005011894977575.html?spm=a2g0o.productlist.main.41.69b475e66t3VJX&algo_pvid=395ae593-2082-45a5-ad42-2ee72ec24400&algo_exp_id=395ae593-2082-45a5-ad42-2ee72ec24400-38&pdp_ext_f=%7B%22order%22%3A%2264%22%2C%22eval%22%3A%221%22%2C%22fromPage%22%3A%22search%22%7D&pdp_npi=6%40dis%21AUD%210.98%210.74%21%21%210.69%210.52%21%402101e2b017803787116784136eb256%2112000056926137114%21sea%21AU%210%21ABX%211%210%21n_tag%3A-29910%3Bd%3A6fbdfe4b%3Bm03_new_user%3A-29895&curPageLogUid=lO0BHaX0NqCM&utparam-url=scene%3Asearch%7Cquery_from%3A%7Cx_object_id%3A1005011894977575%7C_p_origin_prod%3A
100uF - Low ESR Cap,6,50V 100uF Low ESR caps in 6.3x7.7 package. Used for Vm on TMC2209,3.69,Aliexpress,https://www.aliexpress.com/item/1005006846973435.html
2.2uF cap,6,0805 2.2uF 50V ceramic capacitors,2.2,Aliexpress,https://www.aliexpress.com/item/1005007293718666.html?spm=a2g0o.productlist.main.8.67be145epeTiPJ&algo_pvid=53e6a399-9eba-48a6-b5d2-d96bd9cce18e&aem_p4p_detail=20260601225849174814213877420004833943&algo_exp_id=53e6a399-9eba-48a6-b5d2-d96bd9cce18e-7&pdp_ext_f=%7B%22order%22%3A%221222%22%2C%22spu_best_type%22%3A%22price%22%2C%22eval%22%3A%221%22%2C%22fromPage%22%3A%22search%22%7D&pdp_npi=6%40dis%21AUD%212.85%212.85%21%21%2113.59%2113.59%21%402103128917803799289523918ea094%2112000040093563143%21sea%21AU%210%21ABX%211%210%21n_tag%3A-29910%3Bd%3A6fbdfe4b%3Bm03_new_user%3A-29895&curPageLogUid=OS4dkcks5GAl&utparam-url=scene%3Asearch%7Cquery_from%3A%7Cx_object_id%3A1005007293718666%7C_p_origin_prod%3A&search_p4p_id=20260601225849174814213877420004833943_2
22nF cap,4,0805 22nF 50V ca-,2.2,Aliexpress,https://www.aliexpress.com/item/1005011894977575.html?spm=a2g0o.productlist.main.41.69b475e66t3VJX&algo_pvid=395ae593-2082-45a5-ad42-2ee72ec24400&algo_exp_id=395ae593-2082-45a5-ad42-2ee72ec24400-38&pdp_ext_f=%7B%22order%22%3A%2264%22%2C%22eval%22%3A%221%22%2C%22fromPage%22%3A%22search%22%7D&pdp_npi=6%40dis%21AUD%210.98%210.74%21%21%210.69%210.52%21%402101e2b017803787116784136eb256%2112000056926137114%21sea%21AU%210%21ABX%211%210%21n_tag%3A-29910%3Bd%3A6fbdfe4b%3Bm03_new_user%3A-29895&curPageLogUid=lO0BHaX0NqCM&utparam-url=scene%3Asearch%7Cquery_from%3A%7Cx_object_id%3A1005011894977575%7C_p_origin_prod%3A
1uF cap,4,0805 1uF 50V capacitor,2.04,Aliexpress,https://www.aliexpress.com/item/1005007293718666.html?spm=a2g0o.productlist.main.8.67be145epeTiPJ&algo_pvid=53e6a399-9eba-48a6-b5d2-d96bd9cce18e&aem_p4p_detail=20260601225849174814213877420004833943&algo_exp_id=53e6a399-9eba-48a6-b5d2-d96bd9cce18e-7&pdp_ext_f=%7B%22order%22%3A%221222%22%2C%22spu_best_type%22%3A%22price%22%2C%22eval%22%3A%221%22%2C%22fromPage%22%3A%22search%22%7D&pdp_npi=6%40dis%21AUD%212.85%212.85%21%21%2113.59%2113.59%21%402103128917803799289523918ea094%2112000040093563143%21sea%21AU%210%21ABX%211%210%21n_tag%3A-29910%3Bd%3A6fbdfe4b%3Bm03_new_user%3A-29895&curPageLogUid=OS4dkcks5GAl&utparam-url=scene%3Asearch%7Cquery_from%3A%7Cx_object_id%3A1005007293718666%7C_p_origin_prod%3A&search_p4p_id=20260601225849174814213877420004833943_2
18pF cap,2,0805 18pF cap for crystal,2.52,Aliexpress,https://www.aliexpress.com/item/1005002958706092.html?spm=a2g0o.productlist.main.1.3511QjeLQjeLPI&algo_pvid=3a26b9ba-d000-4d83-9a75-3d450696f550&algo_exp_id=3a26b9ba-d000-4d83-9a75-3d450696f550-0&pdp_ext_f=%7B%22order%22%3A%22135%22%2C%22eval%22%3A%221%22%2C%22fromPage%22%3A%22search%22%7D&pdp_npi=6%40dis%21AUD%211.79%211.79%21%21%211.26%211.26%21%4021030a4b17807228650825953eb029%2112000022968072311%21sea%21AU%217099856219%21ABX%211%210%21n_tag%3A-29910%3Bd%3A6fbdfe4b%3Bm03_new_user%3A-29895&curPageLogUid=HO0lalvIulA4&utparam-url=scene%3Asearch%7Cquery_from%3A%7Cx_object_id%3A1005002958706092%7C_p_origin_prod%3A
22uF cap,4,0805 22uF 50V capacitor,2.86,Aliexpress,https://www.aliexpress.com/item/1005007293718666.html?spm=a2g0o.productlist.main.8.67be145epeTiPJ&algo_pvid=53e6a399-9eba-48a6-b5d2-d96bd9cce18e&aem_p4p_detail=20260601225849174814213877420004833943&algo_exp_id=53e6a399-9eba-48a6-b5d2-d96bd9cce18e-7&pdp_ext_f=%7B%22order%22%3A%221222%22%2C%22spu_best_type%22%3A%22price%22%2C%22eval%22%3A%221%22%2C%22fromPage%22%3A%22search%22%7D&pdp_npi=6%40dis%21AUD%212.85%212.85%21%21%2113.59%2113.59%21%402103128917803799289523918ea094%2112000040093563143%21sea%21AU%210%21ABX%211%210%21n_tag%3A-29910%3Bd%3A6fbdfe4b%3Bm03_new_user%3A-29895&curPageLogUid=OS4dkcks5GAl&utparam-url=scene%3Asearch%7Cquery_from%3A%7Cx_object_id%3A1005007293718666%7C_p_origin_prod%3A&search_p4p_id=20260601225849174814213877420004833943_2
10uF cap,6,0805 10uF cap,2.54,Aliexpress,https://www.aliexpress.com/item/1005007293718666.html?spm=a2g0o.productlist.main.8.67be145epeTiPJ&algo_pvid=53e6a399-9eba-48a6-b5d2-d96bd9cce18e&aem_p4p_detail=20260601225849174814213877420004833943&algo_exp_id=53e6a399-9eba-48a6-b5d2-d96bd9cce18e-7&pdp_ext_f=%7B%22order%22%3A%221222%22%2C%22spu_best_type%22%3A%22price%22%2C%22eval%22%3A%221%22%2C%22fromPage%22%3A%22search%22%7D&pdp_npi=6%40dis%21AUD%212.85%212.85%21%21%2113.59%2113.59%21%402103128917803799289523918ea094%2112000040093563143%21sea%21AU%210%21ABX%211%210%21n_tag%3A-29910%3Bd%3A6fbdfe4b%3Bm03_new_user%3A-29895&curPageLogUid=OS4dkcks5GAl&utparam-url=scene%3Asearch%7Cquery_from%3A%7Cx_object_id%3A1005007293718666%7C_p_origin_prod%3A&search_p4p_id=20260601225849174814213877420004833943_2
220pF cap,1,0805 220pF 50V cap,4.04,Aliexpress,https://www.aliexpress.com/item/1005011884524334.html?spm=a2g0o.productlist.main.8.50ab6ab5yWojEX&algo_pvid=5edf1c78-ef25-4421-bfb1-3e1d6e4784bc&algo_exp_id=5edf1c78-ef25-4421-bfb1-3e1d6e4784bc-7&pdp_ext_f=%7B%22order%22%3A%2235%22%2C%22eval%22%3A%221%22%2C%22fromPage%22%3A%22search%22%7D&pdp_npi=6%40dis%21AUD%213.81%211.79%21%21%2118.11%218.51%21%40210328d417806369446965838ef751%2112000056880413140%21sea%21AU%210%21ABX%211%210%21n_tag%3A-29910%3Bd%3A6fbdfe4b%3Bm03_new_user%3A-29895&curPageLogUid=1xTiDLuHV5Su&utparam-url=scene%3Asearch%7Cquery_from%3A%7Cx_object_id%3A1005011884524334%7C_p_origin_prod%3A
SS34 diode,1,SS34 SMA Schottky diode,2.89,Aliexpress,https://www.aliexpress.com/item/1005003929814084.html?spm=a2g0o.productlist.main.1.7ba564e91Bl9Po&algo_pvid=39ff2f7f-65b5-4324-9e76-e1229462bde4&algo_exp_id=39ff2f7f-65b5-4324-9e76-e1229462bde4-0&pdp_ext_f=%7B%22order%22%3A%22312%22%2C%22eval%22%3A%221%22%2C%22fromPage%22%3A%22search%22%7D&pdp_npi=6%40dis%21AUD%213.94%211.41%21%21%212.76%210.98%21%402101ef5e17806371422707336ed5cd%2112000027492300397%21sea%21AU%210%21ABX%211%210%21n_tag%3A-29910%3Bd%3A6fbdfe4b%3Bm03_new_user%3A-29895%3BpisId%3A5000000204867275&curPageLogUid=NnPur3r1YfyF&utparam-url=scene%3Asearch%7Cquery_from%3A%7Cx_object_id%3A1005003929814084%7C_p_origin_prod%3A
Ferrite bead,1,0805 600R 100mhz ferrite bead,3.93,Aliexpress,https://www.aliexpress.com/item/1005003127666910.html?spm=a2g0o.productlist.main.37.ba11ISfCISfCeO&algo_pvid=b19fe644-ee9e-45ce-8c38-43ce983eb4d3&algo_exp_id=b19fe644-ee9e-45ce-8c38-43ce983eb4d3-34&pdp_ext_f=%7B%22order%22%3A%2225%22%2C%22eval%22%3A%221%22%2C%22fromPage%22%3A%22search%22%7D&pdp_npi=6%40dis%21AUD%215.52%214.72%21%21%213.87%213.31%21%40210337c117807205436898267e16f1%2112000024246365910%21sea%21AU%217099856219%21ABX%211%210%21n_tag%3A-29910%3Bd%3A6fbdfe4b%3Bm03_new_user%3A-29895&curPageLogUid=ES5AkXMpY2mV&utparam-url=scene%3Asearch%7Cquery_from%3A%7Cx_object_id%3A1005003127666910%7C_p_origin_prod%3A
IDC header,2,2x5 pin 2.54mm IDC header for EXP1/2,4.77,Aliexpress,https://www.aliexpress.com/item/32658384492.html?spm=a2g0o.productlist.main.1.219e2670Eo0Se8&algo_pvid=fe8eff41-56a5-4592-8ccd-295c5888be36&algo_exp_id=fe8eff41-56a5-4592-8ccd-295c5888be36-0&pdp_ext_f=%7B%22order%22%3A%22191%22%2C%22eval%22%3A%221%22%2C%22fromPage%22%3A%22search%22%7D&pdp_npi=6%40dis%21AUD%213.22%211.15%21%21%212.26%210.81%21%402101eecd17806372074926845e0b1c%2159817550672%21sea%21AU%210%21ABX%211%210%21n_tag%3A-29910%3Bd%3A6fbdfe4b%3Bm03_new_user%3A-29895&curPageLogUid=g4IB6NhYXd4C&utparam-url=scene%3Asearch%7Cquery_from%3A%7Cx_object_id%3A32658384492%7C_p_origin_prod%3A
JST-XH header,7,JST-XH 2.54mm header for conencting heaters and fans,1.83,Aliexpress,https://www.aliexpress.com/item/1005004985397880.html?spm=a2g0o.productlist.main.23.40e65899Of5PUE&algo_pvid=1977cbec-ffa5-4de8-831c-9440196d8bf1&algo_exp_id=1977cbec-ffa5-4de8-831c-9440196d8bf1-22&pdp_ext_f=%7B%22order%22%3A%222875%22%2C%22eval%22%3A%221%22%2C%22fromPage%22%3A%22search%22%7D&pdp_npi=6%40dis%21AUD%211.97%211.41%21%21%211.38%210.99%21%402101e2b417806373261363795eedd2%2112000031243962104%21sea%21AU%210%21ABX%211%210%21n_tag%3A-29910%3Bd%3A6fbdfe4b%3Bm03_new_user%3A-29895%3BpisId%3A5000000204867275&curPageLogUid=7n7ud5jLy3vZ&utparam-url=scene%3Asearch%7Cquery_from%3A%7Cx_object_id%3A1005004985397880%7C_p_origin_prod%3A
10uH inductor,1,6x6x3 10uH inductor,3.5,Aliexpress,https://www.aliexpress.com/item/1005006817003873.html?spm=a2g0o.productlist.main.6.307049c0TMTVHT&algo_pvid=e79df2b3-a062-49aa-af8c-c6f5cb47ec49&algo_exp_id=e79df2b3-a062-49aa-af8c-c6f5cb47ec49-5&pdp_ext_f=%7B%22order%22%3A%22163%22%2C%22eval%22%3A%221%22%2C%22fromPage%22%3A%22search%22%7D&pdp_npi=6%40dis%21AUD%214.18%213.83%21%21%2119.87%2118.21%21%402103274e17807207366446547eda14%2112000038400661794%21sea%21AU%217099856219%21ABX%211%210%21n_tag%3A-29910%3Bd%3A6fbdfe4b%3Bm03_new_user%3A-29895&curPageLogUid=Uw0smIdCVuNn&utparam-url=scene%3Asearch%7Cquery_from%3A%7Cx_object_id%3A1005006817003873%7C_p_origin_prod%3A
MOSFET,2,TO252-3 AOD4184 SMD MOSFET for heaters,3.7,Aliexpress,https://www.aliexpress.com/item/1005006044488568.html?spm=a2g0o.productlist.main.11.4d4c3b5bR8SclD&algo_pvid=a61fbf26-45db-4a52-9034-cc3dcb697579&algo_exp_id=a61fbf26-45db-4a52-9034-cc3dcb697579-10&pdp_ext_f=%7B%22order%22%3A%2295%22%2C%22eval%22%3A%221%22%2C%22fromPage%22%3A%22search%22%7D&pdp_npi=6%40dis%21AUD%215.19%215.19%21%21%213.64%213.64%21%402101d6fe17807216896738122e0f1a%2112000035465188545%21sea%21AU%217099856219%21ABX%211%210%21n_tag%3A-29910%3Bd%3A6fbdfe4b%3Bm03_new_user%3A-29895&curPageLogUid=S5OfV9YlN4WJ&utparam-url=scene%3Asearch%7Cquery_from%3A%7Cx_object_id%3A1005006044488568%7C_p_origin_prod%3A
Fan MOSFET,3,SOT-23 AO3400 SMD MOSFET,1.87,Aliexpress,https://www.aliexpress.com/item/1005006286601118.html?spm=a2g0o.productlist.main.9.4ce42ca8iM3y0D&algo_pvid=319f8fc6-8206-46b1-9744-9ac8f71bc98b&algo_exp_id=319f8fc6-8206-46b1-9744-9ac8f71bc98b-8&pdp_ext_f=%7B%22order%22%3A%22371%22%2C%22spu_best_type%22%3A%22price%22%2C%22eval%22%3A%221%22%2C%22fromPage%22%3A%22search%22%7D&pdp_npi=6%40dis%21AUD%212.63%211.41%21%21%2112.49%216.69%21%402101df0e17807218619116715e442e%2112000036629120259%21sea%21AU%217099856219%21ABX%211%210%21n_tag%3A-29910%3Bd%3A6fbdfe4b%3Bm03_new_user%3A-29895%3BpisId%3A5000000204867275&curPageLogUid=dHrfVQrllnN6&utparam-url=scene%3Asearch%7Cquery_from%3A%7Cx_object_id%3A1005006286601118%7C_p_origin_prod%3A
Resistor 0.5W,8,1206 0.5W 0.15 ohm sense resistor for TMC 2209,1.62,Aliexpress,https://www.aliexpress.com/item/1005005905538731.html?spm=a2g0o.productlist.main.22.23a1qQ8UqQ8UMb&algo_pvid=a82ca72a-9188-440a-b602-617bfa6c08b9&algo_exp_id=a82ca72a-9188-440a-b602-617bfa6c08b9-21&pdp_ext_f=%7B%22order%22%3A%2295%22%2C%22eval%22%3A%221%22%2C%22fromPage%22%3A%22search%22%7D&pdp_npi=6%40dis%21AUD%212.28%212.28%21%21%211.60%211.60%21%40210319b717807247218277738eef46%2112000034790583111%21sea%21AU%217099856219%21ABX%211%210%21n_tag%3A-29910%3Bd%3A6fbdfe4b%3Bm03_new_user%3A-29895&curPageLogUid=Pfo42AofQ8rk&utparam-url=scene%3Asearch%7Cquery_from%3A%7Cx_object_id%3A1005005905538731%7C_p_origin_prod%3A
1K resistor,5,0805 1k ohm resistor,2.48,Aliexpress,https://www.aliexpress.com/item/32936483115.html?spm=a2g0o.productlist.main.17.1568609eeUmkpk&algo_pvid=3f253524-d59c-408c-95f4-7682587921c2&algo_exp_id=3f253524-d59c-408c-95f4-7682587921c2-16&pdp_ext_f=%7B%22order%22%3A%22226%22%2C%22eval%22%3A%221%22%2C%22fromPage%22%3A%22search%22%7D&pdp_npi=6%40dis%21AUD%213.38%213.38%21%21%212.37%212.37%21%402101df0e17806374475111340ea6b0%2166160253242%21sea%21AU%210%21ABX%211%210%21n_tag%3A-29910%3Bd%3A6fbdfe4b%3Bm03_new_user%3A-29895&curPageLogUid=dNfs5t7vpWyj&utparam-url=scene%3Asearch%7Cquery_from%3A%7Cx_object_id%3A32936483115%7C_p_origin_prod%3A
10k resistor,12,0805 10k resistor,2.53,Aliexpress,https://www.aliexpress.com/item/32936483115.html?spm=a2g0o.productlist.main.17.1568609eeUmkpk&algo_pvid=3f253524-d59c-408c-95f4-7682587921c2&algo_exp_id=3f253524-d59c-408c-95f4-7682587921c2-16&pdp_ext_f=%7B%22order%22%3A%22226%22%2C%22eval%22%3A%221%22%2C%22fromPage%22%3A%22search%22%7D&pdp_npi=6%40dis%21AUD%213.38%213.38%21%21%212.37%212.37%21%402101df0e17806374475111340ea6b0%2166160253242%21sea%21AU%210%21ABX%211%210%21n_tag%3A-29910%3Bd%3A6fbdfe4b%3Bm03_new_user%3A-29895&curPageLogUid=dNfs5t7vpWyj&utparam-url=scene%3Asearch%7Cquery_from%3A%7Cx_object_id%3A32936483115%7C_p_origin_prod%3A
100 resistor,6,100 ohm 0805 resistor,2.44,Aliexpress,https://www.aliexpress.com/item/32936483115.html?spm=a2g0o.productlist.main.17.1568609eeUmkpk&algo_pvid=3f253524-d59c-408c-95f4-7682587921c2&algo_exp_id=3f253524-d59c-408c-95f4-7682587921c2-16&pdp_ext_f=%7B%22order%22%3A%22226%22%2C%22eval%22%3A%221%22%2C%22fromPage%22%3A%22search%22%7D&pdp_npi=6%40dis%21AUD%213.38%213.38%21%21%212.37%212.37%21%402101df0e17806374475111340ea6b0%2166160253242%21sea%21AU%210%21ABX%211%210%21n_tag%3A-29910%3Bd%3A6fbdfe4b%3Bm03_new_user%3A-29895&curPageLogUid=dNfs5t7vpWyj&utparam-url=scene%3Asearch%7Cquery_from%3A%7Cx_object_id%3A32936483115%7C_p_origin_prod%3A
5.1K resistor,2,0805 5.1k resistor,2.48,Aliexpress,https://www.aliexpress.com/item/32936483115.html?spm=a2g0o.productlist.main.17.1568609eeUmkpk&algo_pvid=3f253524-d59c-408c-95f4-7682587921c2&algo_exp_id=3f253524-d59c-408c-95f4-7682587921c2-16&pdp_ext_f=%7B%22order%22%3A%22226%22%2C%22eval%22%3A%221%22%2C%22fromPage%22%3A%22search%22%7D&pdp_npi=6%40dis%21AUD%213.38%213.38%21%21%212.37%212.37%21%402101df0e17806374475111340ea6b0%2166160253242%21sea%21AU%210%21ABX%211%210%21n_tag%3A-29910%3Bd%3A6fbdfe4b%3Bm03_new_user%3A-29895&curPageLogUid=dNfs5t7vpWyj&utparam-url=scene%3Asearch%7Cquery_from%3A%7Cx_object_id%3A32936483115%7C_p_origin_prod%3A
33 resistor,2,0805 33 ohm resistor,2.44,Aliexpress,https://www.aliexpress.com/item/32936483115.html?spm=a2g0o.productlist.main.17.1568609eeUmkpk&algo_pvid=3f253524-d59c-408c-95f4-7682587921c2&algo_exp_id=3f253524-d59c-408c-95f4-7682587921c2-16&pdp_ext_f=%7B%22order%22%3A%22226%22%2C%22eval%22%3A%221%22%2C%22fromPage%22%3A%22search%22%7D&pdp_npi=6%40dis%21AUD%213.38%213.38%21%21%212.37%212.37%21%402101df0e17806374475111340ea6b0%2166160253242%21sea%21AU%210%21ABX%211%210%21n_tag%3A-29910%3Bd%3A6fbdfe4b%3Bm03_new_user%3A-29895&curPageLogUid=dNfs5t7vpWyj&utparam-url=scene%3Asearch%7Cquery_from%3A%7Cx_object_id%3A32936483115%7C_p_origin_prod%3A
52.3K resistor,1,0805 52.3k resistor,1.8,Aliexpress,https://www.aliexpress.com/item/1005005184354247.html?spm=a2g0o.productlist.main.1.12dfnIy4nIy4Db&algo_pvid=04236b54-eea0-456f-b46d-5a8e50e54835&algo_exp_id=04236b54-eea0-456f-b46d-5a8e50e54835-0&pdp_ext_f=%7B%22order%22%3A%2275%22%2C%22spu_best_type%22%3A%22price%22%2C%22eval%22%3A%221%22%2C%22fromPage%22%3A%22search%22%7D&pdp_npi=6%40dis%21AUD%212.52%212.52%21%21%2111.99%2111.99%21%402101d6ff17807224801268541e7688%2112000032017603960%21sea%21AU%217099856219%21ABX%211%210%21n_tag%3A-29910%3Bd%3A6fbdfe4b%3Bm03_new_user%3A-29895&curPageLogUid=rQRCWdSXORAa&utparam-url=scene%3Asearch%7Cquery_from%3A%7Cx_object_id%3A1005005184354247%7C_p_origin_prod%3A
100k resistor,1,0805 100k resistor,3.04,Aliexpress,https://www.aliexpress.com/item/1005007183002569.html?spm=a2g0o.productlist.main.1.23aaF519F5192b&algo_pvid=0c0e1b7a-10d1-428c-a6a4-4f6f3e54d974&algo_exp_id=0c0e1b7a-10d1-428c-a6a4-4f6f3e54d974-0&pdp_ext_f=%7B%22order%22%3A%2226%22%2C%22eval%22%3A%221%22%2C%22fromPage%22%3A%22search%22%7D&pdp_npi=6%40dis%21AUD%214.00%211.41%21%21%2118.99%216.68%21%402101e2b217807245707611530eb4e2%2112000039726416947%21sea%21AU%217099856219%21ABX%211%210%21n_tag%3A-29910%3Bd%3A6fbdfe4b%3Bm03_new_user%3A-29895%3BpisId%3A5000000204867275&curPageLogUid=CMCONd03B1Mp&utparam-url=scene%3Asearch%7Cquery_from%3A%7Cx_object_id%3A1005007183002569%7C_p_origin_prod%3A
24.9K resistor,1,0805 24.9k resistor,1.72,Aliexpress,https://www.aliexpress.com/item/1005005184354288.html?spm=a2g0o.productlist.main.1.2f24B0W0B0W0a9&algo_pvid=3ed91e8e-ee43-4506-bb40-daf68fe7f93e&algo_exp_id=3ed91e8e-ee43-4506-bb40-daf68fe7f93e-0&pdp_ext_f=%7B%22order%22%3A%2226%22%2C%22eval%22%3A%221%22%2C%22fromPage%22%3A%22search%22%7D&pdp_npi=6%40dis%21AUD%212.40%212.40%21%21%2111.41%2111.41%21%402101f54117807224441317846e69eb%2112000032017704493%21sea%21AU%217099856219%21ABX%211%210%21n_tag%3A-29910%3Bd%3A6fbdfe4b%3Bm03_new_user%3A-29895&curPageLogUid=G58tsGOWqItU&utparam-url=scene%3Asearch%7Cquery_from%3A%7Cx_object_id%3A1005005184354288%7C_p_origin_prod%3A
68.1K resistor,1,0805 68.1k resistor,1.72,Aliexpress,https://www.aliexpress.com/item/1005005187548543.html?spm=a2g0o.productlist.main.13.4056LFJ1LFJ16D&algo_pvid=f24fb5dd-aa8d-4876-b9c8-f9de646a9ed7&algo_exp_id=f24fb5dd-aa8d-4876-b9c8-f9de646a9ed7-12&pdp_ext_f=%7B%22order%22%3A%2221%22%2C%22eval%22%3A%221%22%2C%22fromPage%22%3A%22search%22%7D&pdp_npi=6%40dis%21AUD%212.42%212.42%21%21%2111.49%2111.49%21%402101e8f317807225468668995e5f76%2112000032029087535%21sea%21AU%217099856219%21ABX%211%210%21n_tag%3A-29910%3Bd%3A6fbdfe4b%3Bm03_new_user%3A-29895&curPageLogUid=MXuPuWllAnmZ&utparam-url=scene%3Asearch%7Cquery_from%3A%7Cx_object_id%3A1005005187548543%7C_p_origin_prod%3A
22 resistor,2,0805 22 ohm resistor,2.59,Aliexpress,https://www.aliexpress.com/item/32936483115.html?spm=a2g0o.productlist.main.17.1568609eeUmkpk&algo_pvid=3f253524-d59c-408c-95f4-7682587921c2&algo_exp_id=3f253524-d59c-408c-95f4-7682587921c2-16&pdp_ext_f=%7B%22order%22%3A%22226%22%2C%22eval%22%3A%221%22%2C%22fromPage%22%3A%22search%22%7D&pdp_npi=6%40dis%21AUD%213.38%213.38%21%21%212.37%212.37%21%402101df0e17806374475111340ea6b0%2166160253242%21sea%21AU%210%21ABX%211%210%21n_tag%3A-29910%3Bd%3A6fbdfe4b%3Bm03_new_user%3A-29895&curPageLogUid=dNfs5t7vpWyj&utparam-url=scene%3Asearch%7Cquery_from%3A%7Cx_object_id%3A32936483115%7C_p_origin_prod%3A
Pushbutton,1,TS-1088-AR02016 pushbutton,1.09,Aliexpress,https://www.aliexpress.com/item/1005011940516004.html?spm=a2g0o.productlist.main.1.1dc934cfNKT6pK&algo_pvid=17b3d164-d881-40d8-9241-9f836ec8db4b&algo_exp_id=17b3d164-d881-40d8-9241-9f836ec8db4b-0&pdp_ext_f=%7B%22order%22%3A%2215%22%2C%22eval%22%3A%221%22%2C%22fromPage%22%3A%22search%22%7D&pdp_npi=6%40dis%21AUD%211.53%211.41%21%21%211.07%210.99%21%402101d97817806377084755083e3403%2112000057087204873%21sea%21AU%210%21ABX%211%210%21n_tag%3A-29910%3Bd%3A6fbdfe4b%3Bm03_new_user%3A-29895%3BpisId%3A5000000204867275&curPageLogUid=CfBxlh486V12&utparam-url=scene%3Asearch%7Cquery_from%3A%7Cx_object_id%3A1005011940516004%7C_p_origin_prod%3A
STM32,1,STM32F407VGT6 MCU,4.58,Aliexpress,https://www.aliexpress.com/item/1005006367005179.html?spm=a2g0o.productlist.main.9.70df525dugHZ6j&algo_pvid=7f98d2dc-5be6-4900-84eb-731bfec644cb&algo_exp_id=7f98d2dc-5be6-4900-84eb-731bfec644cb-8&pdp_ext_f=%7B%22order%22%3A%22100%22%2C%22spu_best_type%22%3A%22price%22%2C%22eval%22%3A%221%22%2C%22fromPage%22%3A%22search%22%7D&pdp_npi=6%40dis%21AUD%215.69%215.69%21%21%2127.02%2127.02%21%4021030a4b17806379411333328e152f%2112000036919660259%21sea%21AU%210%21ABX%211%210%21n_tag%3A-29910%3Bd%3A6fbdfe4b%3Bm03_new_user%3A-29895&curPageLogUid=dqBBw4AoHYAD&utparam-url=scene%3Asearch%7Cquery_from%3A%7Cx_object_id%3A1005006367005179%7C_p_origin_prod%3A
TMC2209-LA,4,TMC 2209 stepper driver,7.12,Aliexpress,https://www.aliexpress.com/item/1005009186342077.html?spm=a2g0o.productlist.main.1.66caLyjcLyjczw&algo_pvid=8f8e6fdb-a342-40e8-baa8-5fbd1b46aa8a&algo_exp_id=8f8e6fdb-a342-40e8-baa8-5fbd1b46aa8a-0&pdp_ext_f=%7B%22order%22%3A%2233%22%2C%22eval%22%3A%221%22%2C%22fromPage%22%3A%22search%22%7D&pdp_npi=6%40dis%21AUD%215.62%215.62%21%21%213.94%213.94%21%402103123917806378749524078eb4ed%2112000048231732585%21sea%21AU%210%21ABX%211%210%21n_tag%3A-29910%3Bd%3A6fbdfe4b%3Bm03_new_user%3A-29895&curPageLogUid=HlIqvvGecP1u&utparam-url=scene%3Asearch%7Cquery_from%3A%7Cx_object_id%3A1005009186342077%7C_p_origin_prod%3A
MP1584-EN,1,Buck converter for 24V to 5V,3.23,Aliexpress,https://www.aliexpress.com/item/1005007296268441.html?spm=a2g0o.productlist.main.36.5ade3d16A6IrXa&algo_pvid=a8dc3dad-cdf6-44a5-bb8a-cabc7dbffc69&algo_exp_id=a8dc3dad-cdf6-44a5-bb8a-cabc7dbffc69-33&pdp_ext_f=%7B%22order%22%3A%2260%22%2C%22spu_best_type%22%3A%22price%22%2C%22eval%22%3A%221%22%2C%22fromPage%22%3A%22search%22%7D&pdp_npi=6%40dis%21AUD%214.53%214.53%21%21%2121.55%2121.55%21%4021030a4b17806378042748736e152f%2112000040102690817%21sea%21AU%210%21ABX%211%210%21n_tag%3A-29910%3Bd%3A6fbdfe4b%3Bm03_new_user%3A-29895&curPageLogUid=A34AWEWBjMRx&utparam-url=scene%3Asearch%7Cquery_from%3A%7Cx_object_id%3A1005007296268441%7C_p_origin_prod%3A
AP-2112K-3.3,1,Linear regulator for 5V to 3.3V,2.43,Aliexpress,https://www.aliexpress.com/item/1005009023441155.html?spm=a2g0o.productlist.main.2.241c1e98X4V5BS&algo_pvid=21b975a3-9597-46ee-8488-f4d2a6989266&algo_exp_id=21b975a3-9597-46ee-8488-f4d2a6989266-1&pdp_ext_f=%7B%22order%22%3A%2281%22%2C%22spu_best_type%22%3A%22price%22%2C%22eval%22%3A%221%22%2C%22fromPage%22%3A%22search%22%7D&pdp_npi=6%40dis%21AUD%213.41%213.41%21%21%212.39%212.39%21%402103129017806377559721905e1d18%2112000047616340032%21sea%21AU%210%21ABX%211%210%21n_tag%3A-29910%3Bd%3A6fbdfe4b%3Bm03_new_user%3A-29895&curPageLogUid=zwSUqLx0jcxh&utparam-url=scene%3Asearch%7Cquery_from%3A%7Cx_object_id%3A1005009023441155%7C_p_origin_prod%3A
Crystal,1,"8mhz 3225 SMD crystal, 4 pad",3,Aliexpress,https://www.aliexpress.com/item/1005005834614422.html?spm=a2g0o.productlist.main.3.7dc1447dkK6VMa&algo_pvid=4241327a-79bf-4a95-a21b-982addefa726&algo_exp_id=4241327a-79bf-4a95-a21b-982addefa726-2&pdp_ext_f=%7B%22order%22%3A%22118%22%2C%22eval%22%3A%221%22%2C%22fromPage%22%3A%22search%22%7D&pdp_npi=6%40dis%21AUD%213.22%213.22%21%21%212.26%212.26%21%40210311cc17807202394975093e5d37%2112000034516387959%21sea%21AU%217099856219%21ABX%211%210%21n_tag%3A-29910%3Bd%3A6fbdfe4b%3Bm03_new_user%3A-29895&curPageLogUid=t2KRH5g72Zws&utparam-url=scene%3Asearch%7Cquery_from%3A%7Cx_object_id%3A1005005834614422%7C_p_origin_prod%3A
Bed,1,220mm diameter kossel delta 3d print bed,18.8,Aliexpress,https://www.aliexpress.com/item/33042838050.html?spm=a2g0o.productlist.0.0.70df525dugHZ6j&mp=1&pdp_npi=6%40dis%21AUD%21AUD+29.32%21AUD+26.39%21%21AUD+26.39%21%21%21%402101e80317806379429297361eb1fb%2167316263787%21ct%21AU%21-1%21%211%210%21
Carbon tube,2,"500mm lengths of 8x6 carbon fibre tube. Comes in packs of two, I will need two packs, and cut each rod into two 230mm lengths",14,Aliexpress,https://www.aliexpress.com/item/1005006133534969.html?spm=a2g0o.cart.0.0.5c4838datZJxjb&mp=1&pdp_npi=6%40dis%21AUD%21AUD+12.48%21AUD+9.61%21%21AUD+9.61%21%21%21%4021030a6217807095274734870e0808%2112000035992834041%21ct%21AU%217099856219%21%213%210%21
Ball joints,12,M3 26mm ball joints for the arms,11,Aliexpress,https://www.aliexpress.com/item/1005006781375729.html?spm=a2g0o.productlist.main.51.4cce2895TH339t&algo_pvid=489e441f-4784-44ee-8f84-0d6eea64106a&algo_exp_id=489e441f-4784-44ee-8f84-0d6eea64106a-48&pdp_ext_f=%7B%22order%22%3A%2289%22%2C%22eval%22%3A%221%22%2C%22fromPage%22%3A%22search%22%7D&pdp_npi=6%40dis%21AUD%217.41%216.49%21%21%2135.24%2130.88%21%40210311cc17807116760283597e5d3b%2112000038278149963%21sea%21AU%217099856219%21ABX%211%210%21n_tag%3A-29910%3Bd%3A6fbdfe4b%3Bm03_new_user%3A-29895&curPageLogUid=FTtu6kDYbUIQ&utparam-url=scene%3Asearch%7Cquery_from%3A%7Cx_object_id%3A1005006781375729%7C_p_origin_prod%3A
GT2 belt,1,5M GT2 6mm belt for moving the carriages,4.3,Aliexpress,https://www.aliexpress.com/item/1005008378063451.html?spm=a2g0o.productlist.main.5.2ec34bd4kEiaQC&algo_pvid=2bee39f4-b465-4ee4-b316-63f5be220763&algo_exp_id=2bee39f4-b465-4ee4-b316-63f5be220763-4&pdp_ext_f=%7B%22order%22%3A%22132%22%2C%22eval%22%3A%221%22%2C%22fromPage%22%3A%22search%22%7D&pdp_npi=6%40dis%21AUD%212.64%211.41%21%21%211.85%210.98%21%402103119c17807120852908613ed97f%2112000044778754459%21sea%21AU%217099856219%21ABX%211%210%21n_tag%3A-29910%3Bd%3A6fbdfe4b%3Bm03_new_user%3A-29895%3BpisId%3A5000000204867275&curPageLogUid=wyaNDkXzWcC4&utparam-url=scene%3Asearch%7Cquery_from%3A%7Cx_object_id%3A1005008378063451%7C_p_origin_prod%3A
Filament drive gear,1,Filament drive gear to extrude filament,2.18,Aliexpress,https://www.aliexpress.com/item/32296703817.html?spm=a2g0o.productlist.main.19.e6166d41RIRUQJ&algo_pvid=1d7ba4ec-6ce2-47b2-b02d-979968e2a51c&algo_exp_id=1d7ba4ec-6ce2-47b2-b02d-979968e2a51c-18&pdp_ext_f=%7B%22order%22%3A%2215%22%2C%22eval%22%3A%221%22%2C%22fromPage%22%3A%22search%22%7D&pdp_npi=6%40dis%21AUD%213.06%212.89%21%21%212.15%212.03%21%40210318a717807122408912817e8151%2165613797922%21sea%21AU%217099856219%21ABX%211%210%21n_tag%3A-29910%3Bd%3A6fbdfe4b%3Bm03_new_user%3A-29895&curPageLogUid=DQ9u4zyL0oho&utparam-url=scene%3Asearch%7Cquery_from%3A%7Cx_object_id%3A32296703817%7C_p_origin_prod%3A
Bearing,1,11x5x5 bearing for idler arm,0.11,JLCMC,https://jlcmc.com/product/b/C15/BR8364/deep-groove-ball-bearing-double-side-with-dust-cover?k=685ZZ&productModelNumber=685ZZ
M5x16,2,SCM435 screw for assembly,0.04,JLCMC,https://jlcmc.com/product/s/E02/EDLA/din-912-gb-t-70.1-standard-socket-head-cap-screws-full---half-thread
M5x22,1,SCM435 screw for assembly,0.02,JLCMC,https://jlcmc.com/product/s/E02/EDLA/din-912-gb-t-70.1-standard-socket-head-cap-screws-full---half-thread
M5x10,75,SCM435 screw for assembly,1.18,JLCMC,https://jlcmc.com/product/s/E02/EDLA/din-912-gb-t-70.1-standard-socket-head-cap-screws-full---half-thread
M3x8,48,SCM435 screw for assembly,0.56,JLCMC,https://jlcmc.com/product/s/E02/EDLA/din-912-gb-t-70.1-standard-socket-head-cap-screws-full---half-thread
M3x10,31,SCM435 screw for assembly,0.25,JLCMC,https://jlcmc.com/product/s/E02/EDLA/din-912-gb-t-70.1-standard-socket-head-cap-screws-full---half-thread
PCB,1,PCB,8.89,JLCPCB,https://jlcmc.com/product/s/E02/EDLA/din-912-gb-t-70.1-standard-socket-head-cap-screws-full---half-thread
340mm T slot,3,340mm 2020 T slot,2.63,JLCMC,https://jlcmc.com/product/s/T01/TXCJ/extruded-aluminum-t-slot-20-series(eu)
290mm T slot,6,290mm 2020 T slot for the base triangles,4.8,JLCMC,https://jlcmc.com/product/s/T01/TXCJ/extruded-aluminum-t-slot-20-series(eu)